Fname,minit,Lname,SSN,phone,sex,Bdate,Nationality,Email
Ahmed,A,Sayed,2000000000001,101010,M,1990-05-10,Egyptian,ahmed.sayed1@gmail.com
Mona,B,Hassan,2000000000002,102020,F,1993-03-15,Lebanese,mona.hassan2@gmail.com
Liam,C,Williams,2000000000003,103030,M,1988-07-20,American,liam.williams3@gmail.com
Farah,D,Kamal,2000000000004,104040,F,1995-10-05,Lebanese,farah.kamal4@gmail.com
Omar,E,Mohamed,2000000000005,105050,M,1987-08-22,Egyptian,omar.mohamed5@gmail.com
Sarah,F,Ahmed,2000000000006,106060,F,1994-01-14,Syrian,sarah.ahmed6@gmail.com
Karim,G,Saleh,2000000000007,107070,M,1989-03-12,Egyptian,karim.saleh7@gmail.com
Nadia,H,Mostafa,2000000000008,108080,F,1991-11-23,Jordanian,nadia.mostafa8@gmail.com
Mateo,I,Garcia,2000000000009,109090,M,1985-07-18,Spanish,mateo.garcia9@gmail.com
Laila,J,Hassan,2000000000010,110110,F,1992-12-01,Jordanian,laila.hassan10@gmail.com
Tarek,K,Omar,2000000000011,111120,M,1986-03-30,Egyptian,tarek.omar11@gmail.com
Sally,L,Nasr,2000000000012,112130,F,1992-07-17,Algerian,sally.nasr12@gmail.com
Ibrahim,M,Zaki,2000000000013,113140,M,1993-01-20,Moroccan,ibrahim.zaki13@gmail.com
Mariam,N,Tarek,2000000000014,114150,F,1995-11-11,Egyptian,mariam.tarek14@gmail.com
Andres,O,Martinez,2000000000015,115160,M,1990-04-10,Mexican,andres.martinez15@gmail.com
Rania,P,Khaled,2000000000016,116170,F,1990-04-10,Lebanese,rania.khaled16@gmail.com
Mohamed,Q,Saad,2000000000017,117180,M,1987-09-09,Egyptian,mohamed.saad17@gmail.com
Dina,R,Sami,2000000000018,118190,F,1994-02-14,Egyptian,dina.sami18@gmail.com
Yasser,S,Mohsen,2000000000019,119200,M,1992-05-05,Egyptian,yasser.mohsen19@gmail.com
Anja,T,Petrovic,2000000000020,120210,F,1986-08-18,Serbian,anja.petrovic20@gmail.com
Mohamed,U,Abdelaziz,2000000000021,121220,M,1989-12-09,Egyptian,mohamed.abdelaziz21@gmail.com
Noha,V,Ali,2000000000022,122230,F,1993-06-03,Egyptian,noha.ali22@gmail.com
Hany,W,Kassem,2000000000023,123240,M,1991-04-14,Egyptian,hany.kassem23@gmail.com
Amina,X,Mohamed,2000000000024,124250,F,1992-02-28,Somali,amina.mohamed24@gmail.com
Maha,Y,Samir,2000000000025,125260,F,1990-12-12,Egyptian,maha.samir25@gmail.com
Luca,Z,Bianchi,2000000000026,126270,M,1988-10-19,Italian,luca.bianchi26@gmail.com
Farida,A,Sayed,2000000000027,127280,F,1993-07-15,Egyptian,farida.sayed27@gmail.com
Nasser,B,Mohamed,2000000000028,128290,M,1987-11-20,Egyptian,nasser.mohamed28@gmail.com
Eva,C,Jansson,2000000000029,129300,F,1991-10-02,Swedish,eva.jansson29@gmail.com
Samir,D,Nasr,2000000000030,130310,M,1992-01-17,Egyptian,samir.nasr30@gmail.com
Dalia,E,Kamal,2000000000031,131320,F,1994-05-18,Egyptian,dalia.kamal31@gmail.com
Tamer,F,Elmasry,2000000000032,132330,M,1985-09-10,Egyptian,tamer.elmasry32@gmail.com
Ramy,G,Abdelrahman,2000000000033,133340,M,1990-06-05,Egyptian,ramy.abdelrahman33@gmail.com
Fayza,H,Fawzy,2000000000034,134350,F,1989-02-17,Egyptian,fayza.fawzy34@gmail.com
Ibrahim,I,Farouk,2000000000035,135360,M,1991-11-13,Egyptian,ibrahim.farouk35@gmail.com
Eman,J,Ahmed,2000000000036,136370,F,1992-07-22,Kuwaiti,eman.ahmed36@gmail.com
Khaled,K,Saleh,2000000000037,137380,M,1993-05-16,Egyptian,khaled.saleh37@gmail.com
Yasmin,L,Salah,2000000000038,138390,F,1994-04-09,Pakistani,yasmin.salah38@gmail.com
Omar,M,Gaber,2000000000039,139400,M,1990-10-13,Lebanese,omar.gaber39@gmail.com
Rania,N,Abdelhamid,2000000000040,140410,F,1988-03-25,Sudanese,rania.abdelhamid40@gmail.com
Ramy,O,Nabil,2000000000041,141420,M,1993-02-14,Egyptian,ramy.nabil41@gmail.com
Hassan,P,Abdelaziz,2000000000042,142430,M,1992-01-27,Egyptian,hassan.abdelaziz42@gmail.com
Monica,Q,Gonzalez,2000000000043,143440,F,1991-09-15,Colombian,monica.gonzalez43@gmail.com
Daniel,R,Lopez,2000000000044,144450,M,1987-06-30,Chilean,daniel.lopez44@gmail.com
Diane,S,Taylor,2000000000045,145460,F,1993-08-12,British,diane.taylor45@gmail.com
Lucas,T,Martins,2000000000046,146470,M,1990-03-05,Brazilian,lucas.martins46@gmail.com
Ruth,U,Miller,2000000000047,147480,F,1989-12-22,Canadian,ruth.miller47@gmail.com
Zoe,V,Evans,2000000000048,148490,F,1992-11-30,Australian,zoe.evans48@gmail.com
Lina,W,Chavez,2000000000049,149500,F,1993-04-25,Mexican,lina.chavez49@gmail.com
Chris,X,Smith,2000000000050,150510,M,1990-08-10,American,chris.smith50@gmail.com
